Business Name,Full Address,Phone Number,Website URL,Date
Mercure Hyderabad KCP,"4.5(14,071)",,,2026-04-27 14:56:05
Citadel Hotels & Conventions By Vinnca,4-star hotel,,,2026-04-27 14:56:05
THE PARK HYDERABAD,"4.2(20,508)",,,2026-04-27 14:56:05
Amrutha Castle,"4.0(16,192)",,,2026-04-27 14:56:05
iStay Hotels Jubilee Hills Hyderabad,3-star hotel,,,2026-04-27 14:56:06
Westside Hotel Hyderabad,3-star hotel,,,2026-04-27 14:56:06
"Deccan Serai Hotel, HITEC CITY, HYDERABAD","4.4(34,896)",,,2026-04-27 14:56:06
"Hotel Landridge - Hitech City, Hyderabad l Hotels Near Mind Space IT Park & Knowledge City",,,,2026-04-27 14:56:06
Eastin Hotels,,,,2026-04-27 14:56:06
Hiwa Boutique Hotel,,,,2026-04-27 14:56:06
"Prowell Hotels Crown, HITEC City, Hyderabad",3-star hotel,,,2026-04-27 14:56:06
Hotel Yellow Bells,3-star hotel,,,2026-04-27 14:56:06
The Elite Hotel Hyderabad,41% less than usual,,,2026-04-27 14:56:06
"The Manohar, Hyderabad",5-star hotel,,,2026-04-27 14:56:06
Hotel Akoya - Hitech City Hyderabad,3-star hotel,,,2026-04-27 14:56:06
"Hotel Deccan Serai Grande, Gachibowli, Hyderabad | Hotels in Gachibowli",4-star hotel,,,2026-04-27 14:56:06
Katriya Hotel & Towers,"3.5(12,577)",,,2026-04-27 14:56:06
Hyderabad Marriott Hotel & Convention Centre,"4.4(21,296)",,,2026-04-27 14:56:07
Hotel O RBS Square Inn Uppal,,,,2026-04-27 14:56:07
"FabHotel Golden Hitech - Hotel in Madhapur, Hyderabad",3-star hotel,,,2026-04-27 14:56:07
The Grand Plaza Hotel,3-star hotel,,,2026-04-27 14:56:07
"Trident, Hyderabad","4.5(16,243)",,,2026-04-27 14:56:07
"Via Deccan Heritage - Hotel in Abids, Hyderabad",3-star hotel,,,2026-04-27 14:56:07
"FabHotel Hill view II - Hotel in Hitech City, Hyderabad",3-star hotel,,,2026-04-27 14:56:07
"Hotel Greenpark, Hyderabad",,,,2026-04-27 14:56:07
Hotel Grand Himayat,3-star hotel,,,2026-04-27 14:56:07
Hotel Park Heights,27% less than usual,,,2026-04-27 14:56:07
Townhouse Oak Madhapur Nera Regency,3-star hotel,,,2026-04-27 14:56:08
Art Boutique Hotel,3-star hotel,,,2026-04-27 14:56:08
Hotel O Boduppal,4-star hotel,,,2026-04-27 14:56:08
